{
    "root_group": {
        "path": "",
        "id": "d41d8cd98f00b204e9800998ecf8427e",
        "groups": {},
        "checks": {
                "status is 200 or 202": {
                    "path": "::status is 200 or 202",
                    "id": "7f512a616e0b85e628ce0b92fc0914ad",
                    "passes": 0,
                    "fails": 3029,
                    "name": "status is 200 or 202"
                },
                "response has id": {
                    "passes": 2030,
                    "fails": 999,
                    "name": "response has id",
                    "path": "::response has id",
                    "id": "6649b70c5c96e7e83e46163774f71c12"
                }
            },
        "name": ""
    },
    "metrics": {
        "checks": {
            "passes": 2030,
            "fails": 4028,
            "value": 0.3350940904588973
        },
        "http_req_waiting": {
            "min": 0.339224,
            "med": 2.565414,
            "max": 15.858193,
            "p(90)": 3.9605558000000007,
            "p(95)": 4.411082999999998,
            "avg": 2.3704444536150544
        },
        "data_received": {
            "count": 911825,
            "rate": 18024.38299748318
        },
        "iteration_duration": {
            "p(95)": 1005.3935028,
            "avg": 1003.1922349933957,
            "min": 1000.481548,
            "med": 1003.318627,
            "max": 1017.096573,
            "p(90)": 1004.9340128
        },
        "http_req_duration{expected_response:true}": {
            "p(90)": 4.2936332,
            "p(95)": 4.7684633,
            "avg": 3.2451308798029563,
            "min": 1.999353,
            "med": 3.0120695,
            "max": 15.924751
        },
        "data_sent": {
            "count": 668311,
            "rate": 13210.751433039213
        },
        "iterations": {
            "rate": 59.87536654443182,
            "count": 3029
        },
        "http_req_tls_handshaking": {
            "min": 0,
            "med": 0,
            "max": 0,
            "p(90)": 0,
            "p(95)": 0,
            "avg": 0
        },
        "http_req_duration": {
            "min": 0.364611,
            "med": 2.622763,
            "max": 15.924751,
            "p(90)": 4.0516879999999995,
            "p(95)": 4.4926018,
            "avg": 2.4371983043908916
        },
        "vus": {
            "min": 5,
            "max": 99,
            "value": 5
        },
        "vus_max": {
            "value": 100,
            "min": 100,
            "max": 100
        },
        "http_req_blocked": {
            "avg": 0.0147159273687686,
            "min": 0.002115,
            "med": 0.004539,
            "max": 10.269839,
            "p(90)": 0.0076042,
            "p(95)": 0.010872999999999976
        },
        "http_req_sending": {
            "min": 0.00705,
            "med": 0.017006,
            "max": 0.199929,
            "p(90)": 0.02853840000000002,
            "p(95)": 0.034899,
            "avg": 0.019646187190491923
        },
        "http_req_failed": {
            "passes": 999,
            "fails": 2030,
            "value": 0.32981181908220536
        },
        "http_reqs": {
            "count": 3029,
            "rate": 59.87536654443182
        },
        "http_req_connecting": {
            "avg": 0.007878288544073948,
            "min": 0,
            "med": 0,
            "max": 10.202156,
            "p(90)": 0,
            "p(95)": 0
        },
        "http_req_receiving": {
            "avg": 0.04710766358534175,
            "min": 0.015218,
            "med": 0.042139,
            "max": 0.367059,
            "p(90)": 0.0737102,
            "p(95)": 0.08639179999999996
        }
    }
}